,gender,age,studyPFtime,workPFtime,yearsWorkExp,timeInPosition,hierarchy,sizeTeam,responsibility,applyAI,understandAI,detectAI,frequency,llmTaskComplexity,colleagueTaskComplexity,IL_Non_LLM,IL_LLM,writtenContribution,orgComms,communContr,pEU,pUse,interviewtime
gender,1.0,0.08070941201984612,-0.0691604168965611,-0.14940357616679922,0.09888439646527014,-0.012225939377836084,0.12280898310810304,0.26244532958391187,0.03416006511500937,0.17334753539414466,0.062048715339389895,-0.012320471400110288,0.017524990930819582,-0.31425048518850446,-0.3592515211637773,-0.23070622197363863,0.11018538760431418,0.005116043333234322,-0.15062157079831306,-0.0052431529805946255,0.25424355376605173,0.0839483151742216,0.19615257633718097
age,0.08070941201984612,1.0,-0.536733392388,0.47169618129058594,0.9592654286704335,0.923848434104856,0.8306992912963966,0.08036458410108714,0.38811387342408116,-0.37178166059205714,-0.3133912470395714,-0.35533249060432986,-0.327596184221983,0.2774626513894524,-0.13914531800517363,0.03665100135390081,-0.22651894422165067,-0.2591481326345742,0.08214663515427414,0.33135383611710084,-0.3372197914113273,-0.11524679033997999,0.4260785138199083
studyPFtime,-0.0691604168965611,-0.536733392388,1.0,-0.7869470848066688,-0.4544094016511341,-0.4291171651440372,-0.4946626321960449,-0.037646162621052096,-0.3738951571402844,0.22072507978771208,0.2707759337048152,0.42945282495047077,0.19392570862142886,-0.12972086035382774,0.12534911338441376,-0.11097267371109076,0.039091252322465825,-0.09907175314045882,-0.3616117692388046,-0.5279727485619915,0.13268751732421016,0.06866108388078049,-0.18078639127040438
workPFtime,-0.14940357616679922,0.47169618129058594,-0.7869470848066688,1.0,0.4090152087527318,0.37911063595054717,0.4109974682633931,0.048795003647426664,0.36781681963985985,-0.15894022308217187,-0.13453686038444723,-0.319549423784389,-0.14243531966412082,0.17473107738729138,0.008123551006197126,0.25460806650876466,-0.04503827020052176,0.32530956027092767,0.42448521236453296,0.42614011829561377,-0.14482751893788778,-0.08026994240132014,0.17426072860024192
yearsWorkExp,0.09888439646527014,0.9592654286704335,-0.4544094016511341,0.4090152087527318,1.0,0.9172739548790191,0.8539694136152678,0.17962108742648267,0.346997689263176,-0.39588984354047296,-0.3404970051222162,-0.41011617148183604,-0.38444189099266945,0.21709989741504898,-0.013592683270690362,0.10045007425456229,-0.2793553963368223,-0.285212142828497,0.10390948266720022,0.3378767308713393,-0.33859135135721274,-0.1167274652546926,0.5016967487502076
timeInPosition,-0.012225939377836084,0.923848434104856,-0.4291171651440372,0.37911063595054717,0.9172739548790191,1.0,0.8266261507437436,0.06636761315030099,0.4315875133063006,-0.31648493173482645,-0.29912330077124244,-0.35432550579665595,-0.3448037585160059,0.3133046366081671,-0.042729231111112556,0.002149612997443016,-0.2920078342941713,-0.33807331735005036,0.10397150553458812,0.22863948982052673,-0.26177548870378653,-0.02899290860118711,0.1989731943558897
hierarchy,0.12280898310810304,0.8306992912963966,-0.4946626321960449,0.4109974682633931,0.8539694136152678,0.8266261507437436,1.0,0.04010924592599071,0.4882439975127762,-0.4180737874687463,-0.35099865716924217,-0.30927039689386865,-0.4614373219773096,-0.005419926825140403,0.05342014234968866,0.13725935511933182,-0.37252612742596336,-0.11962757349709964,0.2253471989795511,0.32968001834345445,-0.3571424617100427,-0.14056925322825728,0.25838362097267964
sizeTeam,0.26244532958391187,0.08036458410108714,-0.037646162621052096,0.048795003647426664,0.17962108742648267,0.06636761315030099,0.04010924592599071,1.0,-0.0072760634010454175,-0.1231183841446511,-0.03710497639619201,-0.28166943766102315,-0.15126757757278053,0.09491211508442808,0.1043823579240601,0.21136257155177743,-0.08378512255075193,0.012531695668391594,0.08054961244402363,0.36327482718147897,0.011778098858036618,-0.18817535678858743,0.287336978753688
responsibility,0.03416006511500937,0.38811387342408116,-0.3738951571402844,0.36781681963985985,0.346997689263176,0.4315875133063006,0.4882439975127762,-0.0072760634010454175,1.0,-0.15807646191320965,0.02075197516403213,-0.12572062249106616,-0.23248630232607936,0.1315450361338812,0.24650824236073207,0.37828216422299854,-0.0566302451951351,0.09648513101579458,0.6657182624033012,0.5106246938018467,-0.15533333282530035,-0.160004613046657,-0.18961490643271062
applyAI,0.17334753539414466,-0.37178166059205714,0.22072507978771208,-0.15894022308217187,-0.39588984354047296,-0.31648493173482645,-0.4180737874687463,-0.1231183841446511,-0.15807646191320965,1.0,0.639959726701632,0.5175691491947868,0.7165315480155291,0.1426907040082503,0.02695294431588894,-0.4265014382205518,0.5756634014867069,-0.054511118726026125,-0.02231356078706862,-0.14265800901311634,0.7124175337829453,0.7141255092081127,-0.15739659973988054
understandAI,0.062048715339389895,-0.3133912470395714,0.2707759337048152,-0.13453686038444723,-0.3404970051222162,-0.29912330077124244,-0.35099865716924217,-0.03710497639619201,0.02075197516403213,0.639959726701632,1.0,0.4188323390936814,0.7065976453074944,0.220373296236145,0.07151478941555453,-0.27748101913027984,0.5820969220937762,0.013395239065883401,0.03465848568230994,-0.16191398481350658,0.6100863067598509,0.443530347200992,-0.06439869234309842
detectAI,-0.012320471400110288,-0.35533249060432986,0.42945282495047077,-0.319549423784389,-0.41011617148183604,-0.35432550579665595,-0.30927039689386865,-0.28166943766102315,-0.12572062249106616,0.5175691491947868,0.4188323390936814,1.0,0.2783159167704089,-0.16252703359599488,0.030145657274865005,-0.04810184489184911,0.4161624799871357,-0.1678859066426005,-0.05104881909207341,-0.27124749052770436,0.5255434811305683,0.35646782104128755,-0.2687503637822866
frequency,0.017524990930819582,-0.327596184221983,0.19392570862142886,-0.14243531966412082,-0.38444189099266945,-0.3448037585160059,-0.4614373219773096,-0.15126757757278053,-0.23248630232607936,0.7165315480155291,0.7065976453074944,0.2783159167704089,1.0,0.34901034868249975,-0.10073407440445294,-0.39402715174942976,0.6588388012529286,0.12516342377118797,-0.11632947114933834,-0.12591035875674608,0.5282274937650517,0.6167681609748074,0.014465131244229493
llmTaskComplexity,-0.31425048518850446,0.2774626513894524,-0.12972086035382774,0.17473107738729138,0.21709989741504898,0.3133046366081671,-0.005419926825140403,0.09491211508442808,0.1315450361338812,0.1426907040082503,0.220373296236145,-0.16252703359599488,0.34901034868249975,1.0,-0.14837132038037404,-0.10429756993606457,0.30536404490696234,-0.18810817453835682,0.020117068930458153,-0.012685458407456138,0.21023566393194446,0.2307214250710778,0.12323505943828097
colleagueTaskComplexity,-0.3592515211637773,-0.13914531800517363,0.12534911338441376,0.008123551006197126,-0.013592683270690362,-0.042729231111112556,0.05342014234968866,0.1043823579240601,0.24650824236073207,0.02695294431588894,0.07151478941555453,0.030145657274865005,-0.10073407440445294,-0.14837132038037404,1.0,0.35094314153659795,-0.12439603296964057,0.08484357744501601,0.4679188537107277,0.3732603658078491,-0.06568868365993737,0.07101968753308158,-0.1207861259969768
IL_Non_LLM,-0.23070622197363863,0.03665100135390081,-0.11097267371109076,0.25460806650876466,0.10045007425456229,0.002149612997443016,0.13725935511933182,0.21136257155177743,0.37828216422299854,-0.4265014382205518,-0.27748101913027984,-0.04810184489184911,-0.39402715174942976,-0.10429756993606457,0.35094314153659795,1.0,0.00518905202416366,0.15505188482814206,0.5332225770233303,0.4131695588645543,-0.20898902805455719,-0.3144222609029686,0.0832379608808405
IL_LLM,0.11018538760431418,-0.22651894422165067,0.039091252322465825,-0.04503827020052176,-0.2793553963368223,-0.2920078342941713,-0.37252612742596336,-0.08378512255075193,-0.0566302451951351,0.5756634014867069,0.5820969220937762,0.4161624799871357,0.6588388012529286,0.30536404490696234,-0.12439603296964057,0.00518905202416366,1.0,-0.0630153920580285,0.08563306528081108,0.09395207817214421,0.5808077785483259,0.5351850880540593,0.1474542679403985
writtenContribution,0.005116043333234322,-0.2591481326345742,-0.09907175314045882,0.32530956027092767,-0.285212142828497,-0.33807331735005036,-0.11962757349709964,0.012531695668391594,0.09648513101579458,-0.054511118726026125,0.013395239065883401,-0.1678859066426005,0.12516342377118797,-0.18810817453835682,0.08484357744501601,0.15505188482814206,-0.0630153920580285,1.0,0.3240248566230808,0.19431448923625938,-0.1615661579016391,-0.2765871925100613,-0.1434719495744094
orgComms,-0.15062157079831306,0.08214663515427414,-0.3616117692388046,0.42448521236453296,0.10390948266720022,0.10397150553458812,0.2253471989795511,0.08054961244402363,0.6657182624033012,-0.02231356078706862,0.03465848568230994,-0.05104881909207341,-0.11632947114933834,0.020117068930458153,0.4679188537107277,0.5332225770233303,0.08563306528081108,0.3240248566230808,1.0,0.6466380527089539,-0.03388713887516215,-0.15755862781337945,-0.07997146221798851
communContr,-0.0052431529805946255,0.33135383611710084,-0.5279727485619915,0.42614011829561377,0.3378767308713393,0.22863948982052673,0.32968001834345445,0.36327482718147897,0.5106246938018467,-0.14265800901311634,-0.16191398481350658,-0.27124749052770436,-0.12591035875674608,-0.012685458407456138,0.3732603658078491,0.4131695588645543,0.09395207817214421,0.19431448923625938,0.6466380527089539,1.0,-0.2544684161876795,-0.1189126226562425,0.2255929434154109
pEU,0.25424355376605173,-0.3372197914113273,0.13268751732421016,-0.14482751893788778,-0.33859135135721274,-0.26177548870378653,-0.3571424617100427,0.011778098858036618,-0.15533333282530035,0.7124175337829453,0.6100863067598509,0.5255434811305683,0.5282274937650517,0.21023566393194446,-0.06568868365993737,-0.20898902805455719,0.5808077785483259,-0.1615661579016391,-0.03388713887516215,-0.2544684161876795,1.0,0.559072518033633,-0.12069403488847587
pUse,0.0839483151742216,-0.11524679033997999,0.06866108388078049,-0.08026994240132014,-0.1167274652546926,-0.02899290860118711,-0.14056925322825728,-0.18817535678858743,-0.160004613046657,0.7141255092081127,0.443530347200992,0.35646782104128755,0.6167681609748074,0.2307214250710778,0.07101968753308158,-0.3144222609029686,0.5351850880540593,-0.2765871925100613,-0.15755862781337945,-0.1189126226562425,0.559072518033633,1.0,-0.0819572101995503
interviewtime,0.19615257633718097,0.4260785138199083,-0.18078639127040438,0.17426072860024192,0.5016967487502076,0.1989731943558897,0.25838362097267964,0.287336978753688,-0.18961490643271062,-0.15739659973988054,-0.06439869234309842,-0.2687503637822866,0.014465131244229493,0.12323505943828097,-0.1207861259969768,0.0832379608808405,0.1474542679403985,-0.1434719495744094,-0.07997146221798851,0.2255929434154109,-0.12069403488847587,-0.0819572101995503,1.0
