,gender,age,studyPFtime,workPFtime,yearsWorkExp,timeInPosition,hierarchy,sizeTeam,responsibility,AI_Lit,frequency,llmTaskComplexity,colleagueTaskComplexity,IL_Non_LLM,IL_LLM,K_Sharing,pEU,pUse,interviewtime
gender,1.0,0.08070941201984612,-0.0691604168965611,-0.14940357616679922,0.09888439646527014,-0.012225939377836084,0.12280898310810304,0.26244532958391187,0.03416006511500937,0.11973825573880909,0.017524990930819582,-0.31425048518850446,-0.3592515211637773,-0.23070622197363863,0.11018538760431418,-0.07388168224753885,0.25424355376605173,0.0839483151742216,0.19615257633718097
age,0.08070941201984612,1.0,-0.536733392388,0.47169618129058594,0.9592654286704335,0.923848434104856,0.8306992912963966,0.08036458410108714,0.38811387342408116,-0.4100060853331635,-0.327596184221983,0.2774626513894524,-0.13914531800517363,0.03665100135390081,-0.22651894422165067,0.18232603318697138,-0.3372197914113273,-0.11524679033997999,0.4260785138199083
studyPFtime,-0.0691604168965611,-0.536733392388,1.0,-0.7869470848066688,-0.4544094016511341,-0.4291171651440372,-0.4946626321960449,-0.037646162621052096,-0.3738951571402844,0.32396782832203597,0.19392570862142886,-0.12972086035382774,0.12534911338441376,-0.11097267371109076,0.039091252322465825,-0.4844913206277438,0.13268751732421016,0.06866108388078049,-0.18078639127040438
workPFtime,-0.14940357616679922,0.47169618129058594,-0.7869470848066688,1.0,0.4090152087527318,0.37911063595054717,0.4109974682633931,0.048795003647426664,0.36781681963985985,-0.21221273124543463,-0.14243531966412082,0.17473107738729138,0.008123551006197126,0.25460806650876466,-0.04503827020052176,0.4945108018368643,-0.14482751893788778,-0.08026994240132014,0.17426072860024192
yearsWorkExp,0.09888439646527014,0.9592654286704335,-0.4544094016511341,0.4090152087527318,1.0,0.9172739548790191,0.8539694136152678,0.17962108742648267,0.346997689263176,-0.4461630722837054,-0.38444189099266945,0.21709989741504898,-0.013592683270690362,0.10045007425456229,-0.2793553963368223,0.1920761848214363,-0.33859135135721274,-0.1167274652546926,0.5016967487502076
timeInPosition,-0.012225939377836084,0.923848434104856,-0.4291171651440372,0.37911063595054717,0.9172739548790191,1.0,0.8266261507437436,0.06636761315030099,0.4315875133063006,-0.3728615173578873,-0.3448037585160059,0.3133046366081671,-0.042729231111112556,0.002149612997443016,-0.2920078342941713,0.12221000988174108,-0.26177548870378653,-0.02899290860118711,0.1989731943558897
hierarchy,0.12280898310810304,0.8306992912963966,-0.4946626321960449,0.4109974682633931,0.8539694136152678,0.8266261507437436,1.0,0.04010924592599071,0.4882439975127762,-0.4407337793158348,-0.4614373219773096,-0.005419926825140403,0.05342014234968866,0.13725935511933182,-0.37252612742596336,0.2725299674419832,-0.3571424617100427,-0.14056925322825728,0.25838362097267964
sizeTeam,0.26244532958391187,0.08036458410108714,-0.037646162621052096,0.048795003647426664,0.17962108742648267,0.06636761315030099,0.04010924592599071,1.0,-0.0072760634010454175,-0.14596032253803778,-0.15126757757278053,0.09491211508442808,0.1043823579240601,0.21136257155177743,-0.08378512255075193,0.244038570199958,0.011778098858036618,-0.18817535678858743,0.287336978753688
responsibility,0.03416006511500937,0.38811387342408116,-0.3738951571402844,0.36781681963985985,0.346997689263176,0.4315875133063006,0.4882439975127762,-0.0072760634010454175,1.0,-0.10933761064405688,-0.23248630232607936,0.1315450361338812,0.24650824236073207,0.37828216422299854,-0.0566302451951351,0.6192744390524891,-0.15533333282530035,-0.160004613046657,-0.18961490643271062
AI_Lit,0.11973825573880909,-0.4100060853331635,0.32396782832203597,-0.21221273124543463,-0.4461630722837054,-0.3728615173578873,-0.4407337793158348,-0.14596032253803778,-0.10933761064405688,1.0,0.7407689366972805,0.13052856109403324,0.04951687824871359,-0.35994899287452925,0.6428725084047058,-0.12900432240846701,0.7553287699113603,0.654987493346888,-0.17314035275316153
frequency,0.017524990930819582,-0.327596184221983,0.19392570862142886,-0.14243531966412082,-0.38444189099266945,-0.3448037585160059,-0.4614373219773096,-0.15126757757278053,-0.23248630232607936,0.7407689366972805,1.0,0.34901034868249975,-0.10073407440445294,-0.39402715174942976,0.6588388012529286,-0.1054653751783875,0.5282274937650517,0.6167681609748074,0.014465131244229493
llmTaskComplexity,-0.31425048518850446,0.2774626513894524,-0.12972086035382774,0.17473107738729138,0.21709989741504898,0.3133046366081671,-0.005419926825140403,0.09491211508442808,0.1315450361338812,0.13052856109403324,0.34901034868249975,1.0,-0.14837132038037404,-0.10429756993606457,0.30536404490696234,-0.028391469971143248,0.21023566393194446,0.2307214250710778,0.12323505943828097
colleagueTaskComplexity,-0.3592515211637773,-0.13914531800517363,0.12534911338441376,0.008123551006197126,-0.013592683270690362,-0.042729231111112556,0.05342014234968866,0.1043823579240601,0.24650824236073207,0.04951687824871359,-0.10073407440445294,-0.14837132038037404,1.0,0.35094314153659795,-0.12439603296964057,0.44611281729152275,-0.06568868365993737,0.07101968753308158,-0.1207861259969768
IL_Non_LLM,-0.23070622197363863,0.03665100135390081,-0.11097267371109076,0.25460806650876466,0.10045007425456229,0.002149612997443016,0.13725935511933182,0.21136257155177743,0.37828216422299854,-0.35994899287452925,-0.39402715174942976,-0.10429756993606457,0.35094314153659795,1.0,0.00518905202416366,0.5111232842660062,-0.20898902805455719,-0.3144222609029686,0.0832379608808405
IL_LLM,0.11018538760431418,-0.22651894422165067,0.039091252322465825,-0.04503827020052176,-0.2793553963368223,-0.2920078342941713,-0.37252612742596336,-0.08378512255075193,-0.0566302451951351,0.6428725084047058,0.6588388012529286,0.30536404490696234,-0.12439603296964057,0.00518905202416366,1.0,0.08312421369611446,0.5808077785483259,0.5351850880540593,0.1474542679403985
K_Sharing,-0.07388168224753885,0.18232603318697138,-0.4844913206277438,0.4945108018368643,0.1920761848214363,0.12221000988174108,0.2725299674419832,0.244038570199958,0.6192744390524891,-0.12900432240846701,-0.1054653751783875,-0.028391469971143248,0.44611281729152275,0.5111232842660062,0.08312421369611446,1.0,-0.18527796796653564,-0.18712141852658382,0.06477453643038929
pEU,0.25424355376605173,-0.3372197914113273,0.13268751732421016,-0.14482751893788778,-0.33859135135721274,-0.26177548870378653,-0.3571424617100427,0.011778098858036618,-0.15533333282530035,0.7553287699113603,0.5282274937650517,0.21023566393194446,-0.06568868365993737,-0.20898902805455719,0.5808077785483259,-0.18527796796653564,1.0,0.559072518033633,-0.12069403488847587
pUse,0.0839483151742216,-0.11524679033997999,0.06866108388078049,-0.08026994240132014,-0.1167274652546926,-0.02899290860118711,-0.14056925322825728,-0.18817535678858743,-0.160004613046657,0.654987493346888,0.6167681609748074,0.2307214250710778,0.07101968753308158,-0.3144222609029686,0.5351850880540593,-0.18712141852658382,0.559072518033633,1.0,-0.0819572101995503
interviewtime,0.19615257633718097,0.4260785138199083,-0.18078639127040438,0.17426072860024192,0.5016967487502076,0.1989731943558897,0.25838362097267964,0.287336978753688,-0.18961490643271062,-0.17314035275316153,0.014465131244229493,0.12323505943828097,-0.1207861259969768,0.0832379608808405,0.1474542679403985,0.06477453643038929,-0.12069403488847587,-0.0819572101995503,1.0
